Group1	nGroup1	Group2	nGroup2	nSharedGenes	Enrichment	Disease	TraitType	PermutedPval	PermutedFDR	nFakeClusters
chronic_inflammation_go	45	Adenocarcinoma_of_lung_disorder_1	60	0	-Inf	Adenocarcinoma_of_lung_disorder	Real	1	1	43604
chronic_inflammation_go	45	Adenocarcinoma_of_lung_disorder_3	50	1	-2.6559290220753	Adenocarcinoma_of_lung_disorder	Real	0.108840729274166	0.653044375644995	43604
chronic_inflammation_go	45	Adenocarcinoma_of_lung_disorder_4	48	0	-Inf	Adenocarcinoma_of_lung_disorder	Real	1	1	43604
chronic_inflammation_go	45	Adenocarcinoma_of_lung_disorder_2	59	0	-Inf	Adenocarcinoma_of_lung_disorder	Real	1	1	43604
chronic_inflammation_go	45	Adenocarcinoma_of_lung_disorder_6	12	0	-Inf	Adenocarcinoma_of_lung_disorder	Real	1	1	43604
chronic_inflammation_go	45	Adenocarcinoma_of_lung_disorder_5	45	0	-Inf	Adenocarcinoma_of_lung_disorder	Real	1	1	43604
chronic_inflammation_go	45	Alzheimers_Disease_2	22	0	-Inf	Alzheimers_Disease	Real	1	1	32554
chronic_inflammation_go	45	Alzheimers_Disease_1	27	1	-2.70758178738511	Alzheimers_Disease	Real	0.0421440638918753	0.155920749500845	32554
chronic_inflammation_go	45	Alzheimers_Disease_4	15	0	-Inf	Alzheimers_Disease	Real	1	1	32554
chronic_inflammation_go	45	Alzheimers_Disease_5	13	1	-1.65313400336274	Alzheimers_Disease	Real	0.0267854400245738	0.135647365996007	32554
chronic_inflammation_go	45	Alzheimers_Disease_3	17	1	-2.04015712647198	Alzheimers_Disease	Real	0.0389801873752112	0.155920749500845	32554
chronic_inflammation_go	45	Alzheimers_Disease_6	12	1	-1.5376567859428	Alzheimers_Disease	Real	0.0226078943326678	0.135647365996007	32554
chronic_inflammation_go	45	Atherosclerosis_2	18	0	-Inf	Atherosclerosis	Real	1	1	30915
chronic_inflammation_go	45	Atherosclerosis_4	15	2	-0.914927914673937	Atherosclerosis	Real	0.0239681718204166	0.119840859102083	30915
chronic_inflammation_go	45	Atherosclerosis_5	11	5	0.854459157184647	Atherosclerosis	Real	6.46914219174537e-05	0.000646914219174537	30915
chronic_inflammation_go	45	Atherosclerosis_8	7	2	0.184607758876978	Atherosclerosis	Real	0.000614568508215811	0.00491654806572648	30915
chronic_inflammation_go	45	Atherosclerosis_3	16	1	-2.00803731906542	Atherosclerosis	Real	0.0866541596584293	0.259962478975288	30915
chronic_inflammation_go	45	Atherosclerosis_1	18	2	-1.17796232050773	Atherosclerosis	Real	0.0420494242463449	0.16819769698538	30915
chronic_inflammation_go	45	Atherosclerosis_7	9	0	-Inf	Atherosclerosis	Real	1	1	30915
chronic_inflammation_go	45	Atherosclerosis_6	11	3	0.11749356301844	Atherosclerosis	Real	0.000776297063009445	0.00543407944106611	30915
chronic_inflammation_go	45	Atherosclerosis_9	6	1	-0.592999819786575	Atherosclerosis	Real	0.0102535903739164	0.0615215422434985	30915
chronic_inflammation_go	45	Atherosclerosis_10	5	3	1.25499708676838	Atherosclerosis	Real	6.46914219174537e-05	0.000646914219174537	30915
chronic_inflammation_go	45	Average_total_household_income_before_tax_1	70	1	-1.56856806247049	Average_total_household_income_before_tax	Real	0.0751122025573715	1	82662
chronic_inflammation_go	45	Average_total_household_income_before_tax_12	24	0	-Inf	Average_total_household_income_before_tax	Real	1	1	82662
chronic_inflammation_go	45	Average_total_household_income_before_tax_9	34	0	-Inf	Average_total_household_income_before_tax	Real	1	1	82662
chronic_inflammation_go	45	Average_total_household_income_before_tax_3	52	0	-Inf	Average_total_household_income_before_tax	Real	1	1	82662
chronic_inflammation_go	45	Average_total_household_income_before_tax_7	38	0	-Inf	Average_total_household_income_before_tax	Real	1	1	82662
chronic_inflammation_go	45	Average_total_household_income_before_tax_2	65	0	-Inf	Average_total_household_income_before_tax	Real	1	1	82662
chronic_inflammation_go	45	Average_total_household_income_before_tax_10	31	0	-Inf	Average_total_household_income_before_tax	Real	1	1	82662
chronic_inflammation_go	45	Average_total_household_income_before_tax_6	42	0	-Inf	Average_total_household_income_before_tax	Real	1	1	82662
chronic_inflammation_go	45	Average_total_household_income_before_tax_5	48	0	-Inf	Average_total_household_income_before_tax	Real	1	1	82662
chronic_inflammation_go	45	Average_total_household_income_before_tax_8	38	0	-Inf	Average_total_household_income_before_tax	Real	1	1	82662
chronic_inflammation_go	45	Average_total_household_income_before_tax_14	13	0	-Inf	Average_total_household_income_before_tax	Real	1	1	82662
chronic_inflammation_go	45	Average_total_household_income_before_tax_13	21	0	-Inf	Average_total_household_income_before_tax	Real	1	1	82662
chronic_inflammation_go	45	Average_total_household_income_before_tax_11	25	0	-Inf	Average_total_household_income_before_tax	Real	1	1	82662
chronic_inflammation_go	45	Average_total_household_income_before_tax_4	48	0	-Inf	Average_total_household_income_before_tax	Real	1	1	82662
chronic_inflammation_go	45	Average_total_household_income_before_tax_15	11	0	-Inf	Average_total_household_income_before_tax	Real	1	1	82662
chronic_inflammation_go	45	Average_total_household_income_before_tax_16	6	0	-Inf	Average_total_household_income_before_tax	Real	1	1	82662
chronic_inflammation_go	45	Banana_Intake_1	5	0	-Inf	Banana_Intake	Real	1	1	267
chronic_inflammation_go	45	Behcet_Syndrome_4	5	0	-Inf	Behcet_Syndrome	Real	1	1	724
chronic_inflammation_go	45	Behcet_Syndrome_2	6	2	-0.719263592432748	Behcet_Syndrome	Real	0.00137931034482759	0.00551724137931034	724
chronic_inflammation_go	45	Behcet_Syndrome_1	8	0	-Inf	Behcet_Syndrome	Real	1	1	724
chronic_inflammation_go	45	Behcet_Syndrome_3	6	3	-0.134301091711591	Behcet_Syndrome	Real	0.00137931034482759	0.00551724137931034	724
chronic_inflammation_go	45	Bread_intake_2	22	0	-Inf	Bread_intake	Real	1	1	37119
chronic_inflammation_go	45	Bread_intake_5	9	0	-Inf	Bread_intake	Real	1	1	37119
chronic_inflammation_go	45	Bread_intake_4	10	0	-Inf	Bread_intake	Real	1	1	37119
chronic_inflammation_go	45	Bread_intake_6	7	0	-Inf	Bread_intake	Real	1	1	37119
chronic_inflammation_go	45	Bread_intake_3	13	0	-Inf	Bread_intake	Real	1	1	37119
chronic_inflammation_go	45	Bread_intake_1	26	0	-Inf	Bread_intake	Real	1	1	37119
chronic_inflammation_go	45	Bread_type_Wholemeal_or_wholegrain_8	8	0	-Inf	Bread_type_Wholemeal_or_wholegrain	Real	1	1	44461
chronic_inflammation_go	45	Bread_type_Wholemeal_or_wholegrain_4	11	0	-Inf	Bread_type_Wholemeal_or_wholegrain	Real	1	1	44461
chronic_inflammation_go	45	Bread_type_Wholemeal_or_wholegrain_5	11	0	-Inf	Bread_type_Wholemeal_or_wholegrain	Real	1	1	44461
chronic_inflammation_go	45	Bread_type_Wholemeal_or_wholegrain_2	15	0	-Inf	Bread_type_Wholemeal_or_wholegrain	Real	1	1	44461
chronic_inflammation_go	45	Bread_type_Wholemeal_or_wholegrain_1	19	0	-Inf	Bread_type_Wholemeal_or_wholegrain	Real	1	1	44461
chronic_inflammation_go	45	Bread_type_Wholemeal_or_wholegrain_7	8	0	-Inf	Bread_type_Wholemeal_or_wholegrain	Real	1	1	44461
chronic_inflammation_go	45	Bread_type_Wholemeal_or_wholegrain_6	10	0	-Inf	Bread_type_Wholemeal_or_wholegrain	Real	1	1	44461
chronic_inflammation_go	45	Bread_type_Wholemeal_or_wholegrain_3	14	0	-Inf	Bread_type_Wholemeal_or_wholegrain	Real	1	1	44461
chronic_inflammation_go	45	Bread_type_Wholemeal_or_wholegrain_9	6	0	-Inf	Bread_type_Wholemeal_or_wholegrain	Real	1	1	44461
chronic_inflammation_go	45	Carcinoma_Pancreatic_Ductal_1	5	0	-Inf	Carcinoma_Pancreatic_Ductal	Real	1	1	1809
chronic_inflammation_go	45	Cereal_type_Muesli_3	12	0	-Inf	Cereal_type_Muesli	Real	1	1	26992
chronic_inflammation_go	45	Cereal_type_Muesli_5	9	0	-Inf	Cereal_type_Muesli	Real	1	1	26992
chronic_inflammation_go	45	Cereal_type_Muesli_2	14	0	-Inf	Cereal_type_Muesli	Real	1	1	26992
chronic_inflammation_go	45	Cereal_type_Muesli_1	20	0	-Inf	Cereal_type_Muesli	Real	1	1	26992
chronic_inflammation_go	45	Cereal_type_Muesli_4	10	0	-Inf	Cereal_type_Muesli	Real	1	1	26992
chronic_inflammation_go	45	Cereal_type_Other_eg_Cornflakes,_Frosties_2	11	0	-Inf	Cereal_type_Other_eg_Cornflakes,_Frosties	Real	1	1	21422
chronic_inflammation_go	45	Cereal_type_Other_eg_Cornflakes,_Frosties_3	11	0	-Inf	Cereal_type_Other_eg_Cornflakes,_Frosties	Real	1	1	21422
chronic_inflammation_go	45	Cereal_type_Other_eg_Cornflakes,_Frosties_4	10	0	-Inf	Cereal_type_Other_eg_Cornflakes,_Frosties	Real	1	1	21422
chronic_inflammation_go	45	Cereal_type_Other_eg_Cornflakes,_Frosties_1	24	0	-Inf	Cereal_type_Other_eg_Cornflakes,_Frosties	Real	1	1	21422
chronic_inflammation_go	45	Cereal_type_Other_eg_Cornflakes,_Frosties_5	5	0	-Inf	Cereal_type_Other_eg_Cornflakes,_Frosties	Real	1	1	21422
chronic_inflammation_go	45	Cheese_intake_4	35	0	-Inf	Cheese_intake	Real	1	1	72187
chronic_inflammation_go	45	Cheese_intake_10	21	0	-Inf	Cheese_intake	Real	1	1	72187
chronic_inflammation_go	45	Cheese_intake_3	39	0	-Inf	Cheese_intake	Real	1	1	72187
chronic_inflammation_go	45	Cheese_intake_5	34	0	-Inf	Cheese_intake	Real	1	1	72187
chronic_inflammation_go	45	Cheese_intake_7	31	0	-Inf	Cheese_intake	Real	1	1	72187
chronic_inflammation_go	45	Cheese_intake_6	33	0	-Inf	Cheese_intake	Real	1	1	72187
chronic_inflammation_go	45	Cheese_intake_11	14	0	-Inf	Cheese_intake	Real	1	1	72187
chronic_inflammation_go	45	Cheese_intake_9	26	0	-Inf	Cheese_intake	Real	1	1	72187
chronic_inflammation_go	45	Cheese_intake_1	49	0	-Inf	Cheese_intake	Real	1	1	72187
chronic_inflammation_go	45	Cheese_intake_12	14	0	-Inf	Cheese_intake	Real	1	1	72187
chronic_inflammation_go	45	Cheese_intake_2	41	0	-Inf	Cheese_intake	Real	1	1	72187
chronic_inflammation_go	45	Cheese_intake_8	28	0	-Inf	Cheese_intake	Real	1	1	72187
chronic_inflammation_go	45	Cheese_intake_13	5	0	-Inf	Cheese_intake	Real	1	1	72187
chronic_inflammation_go	45	Cheese_intake_14	5	0	-Inf	Cheese_intake	Real	1	1	72187
chronic_inflammation_go	45	Chronic_Obstructive_Airway_Disease_3	10	1	-1.94341647163363	Chronic_Obstructive_Airway_Disease	Real	0.0660074708855197	0.198022412656559	22754
chronic_inflammation_go	45	Chronic_Obstructive_Airway_Disease_5	7	3	0.156119201917282	Chronic_Obstructive_Airway_Disease	Real	8.78927708196001e-05	0.000527356624917601	22754
chronic_inflammation_go	45	Chronic_Obstructive_Airway_Disease_2	12	3	-0.62148837674627	Chronic_Obstructive_Airway_Disease	Real	0.0013623379477038	0.00681168973851901	22754
chronic_inflammation_go	45	Chronic_Obstructive_Airway_Disease_4	8	0	-Inf	Chronic_Obstructive_Airway_Disease	Real	1	1	22754
chronic_inflammation_go	45	Chronic_Obstructive_Airway_Disease_1	13	1	-2.32192809488736	Chronic_Obstructive_Airway_Disease	Real	0.0741375521863327	0.198022412656559	22754
chronic_inflammation_go	45	Chronic_Obstructive_Airway_Disease_6	7	1	-1.42884329880387	Chronic_Obstructive_Airway_Disease	Real	0.0269830806416172	0.107932322566469	22754
chronic_inflammation_go	45	Coffee_intake_7	11	0	-Inf	Coffee_intake	Real	1	1	52777
chronic_inflammation_go	45	Coffee_intake_2	19	0	-Inf	Coffee_intake	Real	1	1	52777
chronic_inflammation_go	45	Coffee_intake_9	9	0	-Inf	Coffee_intake	Real	1	1	52777
chronic_inflammation_go	45	Coffee_intake_6	13	0	-Inf	Coffee_intake	Real	1	1	52777
chronic_inflammation_go	45	Coffee_intake_4	14	0	-Inf	Coffee_intake	Real	1	1	52777
chronic_inflammation_go	45	Coffee_intake_5	14	0	-Inf	Coffee_intake	Real	1	1	52777
chronic_inflammation_go	45	Coffee_intake_8	10	0	-Inf	Coffee_intake	Real	1	1	52777
chronic_inflammation_go	45	Coffee_intake_1	21	0	-Inf	Coffee_intake	Real	1	1	52777
chronic_inflammation_go	45	Coffee_intake_3	17	0	-Inf	Coffee_intake	Real	1	1	52777
chronic_inflammation_go	45	Coffee_intake_11	8	0	-Inf	Coffee_intake	Real	1	1	52777
chronic_inflammation_go	45	Coffee_intake_10	8	0	-Inf	Coffee_intake	Real	1	1	52777
chronic_inflammation_go	45	Coffee_type_Ground_coffee_include_espresso,_filter_etc_7	9	0	-Inf	Coffee_type_Ground_coffee_include_espresso,_filter_etc	Real	1	1	50509
chronic_inflammation_go	45	Coffee_type_Ground_coffee_include_espresso,_filter_etc_2	18	0	-Inf	Coffee_type_Ground_coffee_include_espresso,_filter_etc	Real	1	1	50509
chronic_inflammation_go	45	Coffee_type_Ground_coffee_include_espresso,_filter_etc_1	20	0	-Inf	Coffee_type_Ground_coffee_include_espresso,_filter_etc	Real	1	1	50509
chronic_inflammation_go	45	Coffee_type_Ground_coffee_include_espresso,_filter_etc_4	17	0	-Inf	Coffee_type_Ground_coffee_include_espresso,_filter_etc	Real	1	1	50509
chronic_inflammation_go	45	Coffee_type_Ground_coffee_include_espresso,_filter_etc_3	18	1	-0.776081724432592	Coffee_type_Ground_coffee_include_espresso,_filter_etc	Real	0.0360918629974263	0.469194218966541	50509
chronic_inflammation_go	45	Coffee_type_Ground_coffee_include_espresso,_filter_etc_10	7	0	-Inf	Coffee_type_Ground_coffee_include_espresso,_filter_etc	Real	1	1	50509
chronic_inflammation_go	45	Coffee_type_Ground_coffee_include_espresso,_filter_etc_5	12	0	-Inf	Coffee_type_Ground_coffee_include_espresso,_filter_etc	Real	1	1	50509
chronic_inflammation_go	45	Coffee_type_Ground_coffee_include_espresso,_filter_etc_11	5	0	-Inf	Coffee_type_Ground_coffee_include_espresso,_filter_etc	Real	1	1	50509
chronic_inflammation_go	45	Coffee_type_Ground_coffee_include_espresso,_filter_etc_8	8	0	-Inf	Coffee_type_Ground_coffee_include_espresso,_filter_etc	Real	1	1	50509
chronic_inflammation_go	45	Coffee_type_Ground_coffee_include_espresso,_filter_etc_6	10	0	-Inf	Coffee_type_Ground_coffee_include_espresso,_filter_etc	Real	1	1	50509
chronic_inflammation_go	45	Coffee_type_Ground_coffee_include_espresso,_filter_etc_9	8	0	-Inf	Coffee_type_Ground_coffee_include_espresso,_filter_etc	Real	1	1	50509
chronic_inflammation_go	45	Coffee_type_Ground_coffee_include_espresso,_filter_etc_12	5	0	-Inf	Coffee_type_Ground_coffee_include_espresso,_filter_etc	Real	1	1	50509
chronic_inflammation_go	45	Coffee_type_Ground_coffee_include_espresso,_filter_etc_13	5	0	-Inf	Coffee_type_Ground_coffee_include_espresso,_filter_etc	Real	1	1	50509
chronic_inflammation_go	45	Coffee_type_Instant_coffee_1	7	0	-Inf	Coffee_type_Instant_coffee	Real	1	1	3325
chronic_inflammation_go	45	Colorectal_Carcinoma_5	78	0	-Inf	Colorectal_Carcinoma	Real	1	1	67401
chronic_inflammation_go	45	Colorectal_Carcinoma_2	88	0	-Inf	Colorectal_Carcinoma	Real	1	1	67401
chronic_inflammation_go	45	Colorectal_Carcinoma_3	80	2	-0.740978656672829	Colorectal_Carcinoma	Real	0.038055250586036	0.532773508204504	67401
chronic_inflammation_go	45	Colorectal_Carcinoma_1	90	2	-0.910903658115142	Colorectal_Carcinoma	Real	0.0488857897391769	0.635515266609299	67401
chronic_inflammation_go	45	Colorectal_Carcinoma_13	8	0	-Inf	Colorectal_Carcinoma	Real	1	1	67401
chronic_inflammation_go	45	Colorectal_Carcinoma_6	72	3	-0.00401306250662351	Colorectal_Carcinoma	Real	0.0107118483131064	0.160677724696597	67401
chronic_inflammation_go	45	Colorectal_Carcinoma_7	59	0	-Inf	Colorectal_Carcinoma	Real	1	1	67401
chronic_inflammation_go	45	Colorectal_Carcinoma_4	80	0	-Inf	Colorectal_Carcinoma	Real	1	1	67401
chronic_inflammation_go	45	Colorectal_Carcinoma_8	49	1	-1.03376040590068	Colorectal_Carcinoma	Real	0.0585145841369692	0.702175009643631	67401
chronic_inflammation_go	45	Colorectal_Carcinoma_12	19	0	-Inf	Colorectal_Carcinoma	Real	1	1	67401
chronic_inflammation_go	45	Colorectal_Carcinoma_15	5	0	-Inf	Colorectal_Carcinoma	Real	1	1	67401
chronic_inflammation_go	45	Colorectal_Carcinoma_10	32	0	-Inf	Colorectal_Carcinoma	Real	1	1	67401
chronic_inflammation_go	45	Colorectal_Carcinoma_9	37	0	-Inf	Colorectal_Carcinoma	Real	1	1	67401
chronic_inflammation_go	45	Colorectal_Carcinoma_14	5	0	-Inf	Colorectal_Carcinoma	Real	1	1	67401
chronic_inflammation_go	45	Colorectal_Carcinoma_11	20	0	-Inf	Colorectal_Carcinoma	Real	1	1	67401
chronic_inflammation_go	45	Conventional_Clear_Cell_Renal_Cell_Carcinoma_1	49	1	-2.78013345332258	Conventional_Clear_Cell_Renal_Cell_Carcinoma	Real	0.1062474122464	0.468831945530662	43473
chronic_inflammation_go	45	Conventional_Clear_Cell_Renal_Cell_Carcinoma_3	33	1	-2.20981772856582	Conventional_Clear_Cell_Renal_Cell_Carcinoma	Real	0.0854763766849151	0.468831945530662	43473
chronic_inflammation_go	45	Conventional_Clear_Cell_Renal_Cell_Carcinoma_2	48	0	-Inf	Conventional_Clear_Cell_Renal_Cell_Carcinoma	Real	1	1	43473
chronic_inflammation_go	45	Conventional_Clear_Cell_Renal_Cell_Carcinoma_7	12	0	-Inf	Conventional_Clear_Cell_Renal_Cell_Carcinoma	Real	1	1	43473
chronic_inflammation_go	45	Conventional_Clear_Cell_Renal_Cell_Carcinoma_6	23	1	-1.68898556526438	Conventional_Clear_Cell_Renal_Cell_Carcinoma	Real	0.0431982334268758	0.302387633988131	43473
chronic_inflammation_go	45	Conventional_Clear_Cell_Renal_Cell_Carcinoma_4	32	0	-Inf	Conventional_Clear_Cell_Renal_Cell_Carcinoma	Real	1	1	43473
chronic_inflammation_go	45	Conventional_Clear_Cell_Renal_Cell_Carcinoma_5	31	1	-2.11961991959425	Conventional_Clear_Cell_Renal_Cell_Carcinoma	Real	0.0781386575884437	0.468831945530662	43473
chronic_inflammation_go	45	Cooked_vegetable_intake_1	14	0	-Inf	Cooked_vegetable_intake	Real	1	1	16127
chronic_inflammation_go	45	Cooked_vegetable_intake_3	6	0	-Inf	Cooked_vegetable_intake	Real	1	1	16127
chronic_inflammation_go	45	Cooked_vegetable_intake_4	5	0	-Inf	Cooked_vegetable_intake	Real	1	1	16127
chronic_inflammation_go	45	Cooked_vegetable_intake_2	10	0	-Inf	Cooked_vegetable_intake	Real	1	1	16127
chronic_inflammation_go	45	Cooked_vegetable_intake_5	5	0	-Inf	Cooked_vegetable_intake	Real	1	1	16127
chronic_inflammation_go	45	Coronary_Arteriosclerosis_4	6	0	-Inf	Coronary_Arteriosclerosis	Real	1	1	13560
chronic_inflammation_go	45	Coronary_Arteriosclerosis_3	9	1	-1.61738397841353	Coronary_Arteriosclerosis	Real	0.0677678637268638	0.271071454907455	13560
chronic_inflammation_go	45	Coronary_Arteriosclerosis_1	11	1	-1.90689059560852	Coronary_Arteriosclerosis	Real	0.0721185753263034	0.271071454907455	13560
chronic_inflammation_go	45	Coronary_Arteriosclerosis_2	9	2	-0.617383978413534	Coronary_Arteriosclerosis	Real	0.00272841235897058	0.0136420617948529	13560
chronic_inflammation_go	45	Coronary_Arteriosclerosis_5	5	0	-Inf	Coronary_Arteriosclerosis	Real	1	1	13560
chronic_inflammation_go	45	Crohn_Disease_1	19	5	-0.247927513443586	Crohn_Disease	Real	0.00233757304915779	0.00935029219663115	14544
chronic_inflammation_go	45	Crohn_Disease_2	17	3	-0.824428435416546	Crohn_Disease	Real	0.0334135441732554	0.0668270883465108	14544
chronic_inflammation_go	45	Crohn_Disease_5	6	3	0.678071905112638	Crohn_Disease	Real	6.87521485046408e-05	0.000412512891027845	14544
chronic_inflammation_go	45	Crohn_Disease_3	10	2	-0.643856189774725	Crohn_Disease	Real	0.0179443107597112	0.0538329322791337	14544
chronic_inflammation_go	45	Crohn_Disease_4	7	3	0.45567948377619	Crohn_Disease	Real	0.000618769336541767	0.00309384668270883	14544
chronic_inflammation_go	45	Crohn_Disease_6	5	0	-Inf	Crohn_Disease	Real	1	1	14544
chronic_inflammation_go	45	Diabetes_Mellitus_InsulinDependent_3	10	3	-0.162729500038109	Diabetes_Mellitus_InsulinDependent	Real	0.000668300289596792	0.00200490086879038	4488
chronic_inflammation_go	45	Diabetes_Mellitus_InsulinDependent_2	11	0	-Inf	Diabetes_Mellitus_InsulinDependent	Real	1	1	4488
chronic_inflammation_go	45	Diabetes_Mellitus_InsulinDependent_1	12	1	-2.01072640659306	Diabetes_Mellitus_InsulinDependent	Real	0.0601470260637113	0.120294052127423	4488
chronic_inflammation_go	45	Diabetes_Mellitus_NonInsulinDependent_1	37	1	-2.49673531770942	Diabetes_Mellitus_NonInsulinDependent	Real	0.0866512166859791	0.336500579374276	43149
chronic_inflammation_go	45	Diabetes_Mellitus_NonInsulinDependent_5	17	1	-1.37474479333081	Diabetes_Mellitus_NonInsulinDependent	Real	0.0496407879490151	0.248203939745075	43149
chronic_inflammation_go	45	Diabetes_Mellitus_NonInsulinDependent_8	7	1	-0.0946368741380754	Diabetes_Mellitus_NonInsulinDependent	Real	0.00396292004634994	0.0277404403244496	43149
chronic_inflammation_go	45	Diabetes_Mellitus_NonInsulinDependent_3	24	3	-0.287281952080471	Diabetes_Mellitus_NonInsulinDependent	Real	0.00667439165701043	0.0400463499420626	43149
chronic_inflammation_go	45	Diabetes_Mellitus_NonInsulinDependent_4	20	0	-Inf	Diabetes_Mellitus_NonInsulinDependent	Real	1	1	43149
chronic_inflammation_go	45	Diabetes_Mellitus_NonInsulinDependent_2	27	1	-2.04216945424394	Diabetes_Mellitus_NonInsulinDependent	Real	0.0841251448435689	0.336500579374276	43149
chronic_inflammation_go	45	Diabetes_Mellitus_NonInsulinDependent_7	11	2	0.253286429282232	Diabetes_Mellitus_NonInsulinDependent	Real	0.00136732329084589	0.0109385863267671	43149
chronic_inflammation_go	45	Diabetes_Mellitus_NonInsulinDependent_6	15	0	-Inf	Diabetes_Mellitus_NonInsulinDependent	Real	1	1	43149
chronic_inflammation_go	45	Dried_fruit_intake_6	17	0	-Inf	Dried_fruit_intake	Real	1	1	61158
chronic_inflammation_go	45	Dried_fruit_intake_1	36	0	-Inf	Dried_fruit_intake	Real	1	1	61158
chronic_inflammation_go	45	Dried_fruit_intake_3	23	0	-Inf	Dried_fruit_intake	Real	1	1	61158
chronic_inflammation_go	45	Dried_fruit_intake_9	14	0	-Inf	Dried_fruit_intake	Real	1	1	61158
chronic_inflammation_go	45	Dried_fruit_intake_4	18	0	-Inf	Dried_fruit_intake	Real	1	1	61158
chronic_inflammation_go	45	Dried_fruit_intake_5	17	0	-Inf	Dried_fruit_intake	Real	1	1	61158
chronic_inflammation_go	45	Dried_fruit_intake_11	6	0	-Inf	Dried_fruit_intake	Real	1	1	61158
chronic_inflammation_go	45	Dried_fruit_intake_7	17	0	-Inf	Dried_fruit_intake	Real	1	1	61158
chronic_inflammation_go	45	Dried_fruit_intake_8	15	0	-Inf	Dried_fruit_intake	Real	1	1	61158
chronic_inflammation_go	45	Dried_fruit_intake_2	27	0	-Inf	Dried_fruit_intake	Real	1	1	61158
chronic_inflammation_go	45	Dried_fruit_intake_10	7	0	-Inf	Dried_fruit_intake	Real	1	1	61158
chronic_inflammation_go	45	Driving_Speed_8	6	0	-Inf	Driving_Speed	Real	1	1	40612
chronic_inflammation_go	45	Driving_Speed_1	19	0	-Inf	Driving_Speed	Real	1	1	40612
chronic_inflammation_go	45	Driving_Speed_3	15	0	-Inf	Driving_Speed	Real	1	1	40612
chronic_inflammation_go	45	Driving_Speed_4	13	0	-Inf	Driving_Speed	Real	1	1	40612
chronic_inflammation_go	45	Driving_Speed_5	11	0	-Inf	Driving_Speed	Real	1	1	40612
chronic_inflammation_go	45	Driving_Speed_7	7	0	-Inf	Driving_Speed	Real	1	1	40612
chronic_inflammation_go	45	Driving_Speed_2	17	0	-Inf	Driving_Speed	Real	1	1	40612
chronic_inflammation_go	45	Driving_Speed_6	7	0	-Inf	Driving_Speed	Real	1	1	40612
chronic_inflammation_go	45	East_UK_2	5	0	-Inf	East_UK	Real	1	1	11536
chronic_inflammation_go	45	East_UK_1	9	0	-Inf	East_UK	Real	1	1	11536
chronic_inflammation_go	45	Endometriosis_2	23	1	-2.28749459782349	Endometriosis	Real	0.0481224571466684	0.288734742880011	29985
chronic_inflammation_go	45	Endometriosis_6	6	0	-Inf	Endometriosis	Real	1	1	29985
chronic_inflammation_go	45	Endometriosis_4	8	0	-Inf	Endometriosis	Real	1	1	29985
chronic_inflammation_go	45	Endometriosis_1	25	0	-Inf	Endometriosis	Real	1	1	29985
chronic_inflammation_go	45	Endometriosis_3	14	0	-Inf	Endometriosis	Real	1	1	29985
chronic_inflammation_go	45	Endometriosis_5	7	0	-Inf	Endometriosis	Real	1	1	29985
chronic_inflammation_go	45	Exposure_to_tobacco_smoke_outside_home_3	5	0	-Inf	Exposure_to_tobacco_smoke_outside_home	Real	1	1	12577
chronic_inflammation_go	45	Exposure_to_tobacco_smoke_outside_home_2	7	0	-Inf	Exposure_to_tobacco_smoke_outside_home	Real	1	1	12577
chronic_inflammation_go	45	Exposure_to_tobacco_smoke_outside_home_1	8	0	-Inf	Exposure_to_tobacco_smoke_outside_home	Real	1	1	12577
chronic_inflammation_go	45	Fatty_Liver_2	23	0	-Inf	Fatty_Liver	Real	1	1	37062
chronic_inflammation_go	45	Fatty_Liver_1	25	1	-2.30281927193966	Fatty_Liver	Real	0.0586838626123088	0.275207079837034	37062
chronic_inflammation_go	45	Fatty_Liver_4	21	1	-2.05128050494369	Fatty_Liver	Real	0.0550414159674068	0.275207079837034	37062
chronic_inflammation_go	45	Fatty_Liver_3	22	2	-1.11839470080223	Fatty_Liver	Real	0.0153792191673637	0.0922753150041821	37062
chronic_inflammation_go	45	Fatty_Liver_5	21	0	-Inf	Fatty_Liver	Real	1	1	37062
chronic_inflammation_go	45	Fatty_Liver_7	14	0	-Inf	Fatty_Liver	Real	1	1	37062
chronic_inflammation_go	45	Fatty_Liver_6	17	2	-0.746425923415272	Fatty_Liver	Real	0.00604376332191134	0.0423063432533794	37062
chronic_inflammation_go	45	Frequency_of_friend_family_visits_4	7	0	-Inf	Frequency_of_friend_family_visits	Real	1	1	19812
chronic_inflammation_go	45	Frequency_of_friend_family_visits_2	8	0	-Inf	Frequency_of_friend_family_visits	Real	1	1	19812
chronic_inflammation_go	45	Frequency_of_friend_family_visits_7	5	0	-Inf	Frequency_of_friend_family_visits	Real	1	1	19812
chronic_inflammation_go	45	Frequency_of_friend_family_visits_1	8	0	-Inf	Frequency_of_friend_family_visits	Real	1	1	19812
chronic_inflammation_go	45	Frequency_of_friend_family_visits_5	7	0	-Inf	Frequency_of_friend_family_visits	Real	1	1	19812
chronic_inflammation_go	45	Frequency_of_friend_family_visits_6	5	0	-Inf	Frequency_of_friend_family_visits	Real	1	1	19812
chronic_inflammation_go	45	Frequency_of_friend_family_visits_3	7	0	-Inf	Frequency_of_friend_family_visits	Real	1	1	19812
chronic_inflammation_go	45	Gas_or_solid_fuel_cooking_heating_An_open_solid_fuel_fire_that_you_use_regularly_in_winter_time_1	5	0	-Inf	Gas_or_solid_fuel_cooking_heating_An_open_solid_fuel_fire_that_you_use_regularly_in_winter_time	Real	1	1	281
chronic_inflammation_go	45	Handedness_chirality_laterality_Left_handed_1	5	0	-Inf	Handedness_chirality_laterality_Left_handed	Real	1	1	1249
chronic_inflammation_go	45	Handedness_chirality_laterality_Right_handed_1	5	0	-Inf	Handedness_chirality_laterality_Right_handed	Real	1	1	1623
chronic_inflammation_go	45	Home_location_east_co_ordinate_rounded_1	5	0	-Inf	Home_location_east_co_ordinate_rounded	Real	1	1	1988
chronic_inflammation_go	45	Home_location_north_co_ordinate_rounded_1	7	0	-Inf	Home_location_north_co_ordinate_rounded	Real	1	1	7305
chronic_inflammation_go	45	Hot_drink_temperature_17	8	0	-Inf	Hot_drink_temperature	Real	1	1	81867
chronic_inflammation_go	45	Hot_drink_temperature_6	28	0	-Inf	Hot_drink_temperature	Real	1	1	81867
chronic_inflammation_go	45	Hot_drink_temperature_13	22	0	-Inf	Hot_drink_temperature	Real	1	1	81867
chronic_inflammation_go	45	Hot_drink_temperature_11	25	0	-Inf	Hot_drink_temperature	Real	1	1	81867
chronic_inflammation_go	45	Hot_drink_temperature_1	42	1	-0.963817663693354	Hot_drink_temperature	Real	0.0428983241315288	0.72927151023599	81867
chronic_inflammation_go	45	Hot_drink_temperature_4	30	0	-Inf	Hot_drink_temperature	Real	1	1	81867
chronic_inflammation_go	45	Hot_drink_temperature_12	24	0	-Inf	Hot_drink_temperature	Real	1	1	81867
chronic_inflammation_go	45	Hot_drink_temperature_3	30	0	-Inf	Hot_drink_temperature	Real	1	1	81867
chronic_inflammation_go	45	Hot_drink_temperature_9	25	0	-Inf	Hot_drink_temperature	Real	1	1	81867
chronic_inflammation_go	45	Hot_drink_temperature_5	29	0	-Inf	Hot_drink_temperature	Real	1	1	81867
chronic_inflammation_go	45	Hot_drink_temperature_8	26	0	-Inf	Hot_drink_temperature	Real	1	1	81867
chronic_inflammation_go	45	Hot_drink_temperature_10	25	0	-Inf	Hot_drink_temperature	Real	1	1	81867
chronic_inflammation_go	45	Hot_drink_temperature_14	15	0	-Inf	Hot_drink_temperature	Real	1	1	81867
chronic_inflammation_go	45	Hot_drink_temperature_7	28	0	-Inf	Hot_drink_temperature	Real	1	1	81867
chronic_inflammation_go	45	Hot_drink_temperature_15	12	0	-Inf	Hot_drink_temperature	Real	1	1	81867
chronic_inflammation_go	45	Hot_drink_temperature_2	31	0	-Inf	Hot_drink_temperature	Real	1	1	81867
chronic_inflammation_go	45	Hot_drink_temperature_16	8	0	-Inf	Hot_drink_temperature	Real	1	1	81867
chronic_inflammation_go	45	Juvenile_arthritis_1	13	1	-1.70043971814109	Juvenile_arthritis	Real	0.0161642078255292	0.0483001924310455	15589
chronic_inflammation_go	45	Juvenile_arthritis_2	11	1	-1.4594316186373	Juvenile_arthritis	Real	0.0161000641436818	0.0483001924310455	15589
chronic_inflammation_go	45	Juvenile_arthritis_3	5	0	-Inf	Juvenile_arthritis	Real	1	1	15589
chronic_inflammation_go	45	Kidney_Failure_Chronic_3	15	1	-2.06782681382358	Kidney_Failure_Chronic	Real	0.0755109109802563	0.17914790439903	28869
chronic_inflammation_go	45	Kidney_Failure_Chronic_1	20	2	-1.48286431310242	Kidney_Failure_Chronic	Real	0.0421544856252165	0.168617942500866	28869
chronic_inflammation_go	45	Kidney_Failure_Chronic_6	9	1	-1.33086121965737	Kidney_Failure_Chronic	Real	0.0320055420852096	0.160027710426048	28869
chronic_inflammation_go	45	Kidney_Failure_Chronic_2	15	0	-Inf	Kidney_Failure_Chronic	Real	1	1	28869
chronic_inflammation_go	45	Kidney_Failure_Chronic_4	14	2	-0.968291140272662	Kidney_Failure_Chronic	Real	0.0152407343262903	0.106685140284032	28869
chronic_inflammation_go	45	Kidney_Failure_Chronic_5	12	1	-1.74589871893621	Kidney_Failure_Chronic	Real	0.05971596813301	0.17914790439903	28869
chronic_inflammation_go	45	Kidney_Failure_Chronic_7	8	1	-1.16093621821506	Kidney_Failure_Chronic	Real	0.0232421198475927	0.139452719085556	28869
chronic_inflammation_go	45	Lamb_mutton_intake_1	10	0	-Inf	Lamb_mutton_intake	Real	1	1	24861
chronic_inflammation_go	45	Lamb_mutton_intake_4	7	0	-Inf	Lamb_mutton_intake	Real	1	1	24861
chronic_inflammation_go	45	Lamb_mutton_intake_2	10	0	-Inf	Lamb_mutton_intake	Real	1	1	24861
chronic_inflammation_go	45	Lamb_mutton_intake_3	10	0	-Inf	Lamb_mutton_intake	Real	1	1	24861
chronic_inflammation_go	45	Lamb_mutton_intake_5	5	0	-Inf	Lamb_mutton_intake	Real	1	1	24861
chronic_inflammation_go	45	Large_cell_carcinoma_of_lung_1	6	0	-Inf	Large_cell_carcinoma_of_lung	Real	1	1	499
chronic_inflammation_go	45	Left_Hand_Phone_1	5	0	-Inf	Left_Hand_Phone	Real	1	1	9641
chronic_inflammation_go	45	Left_Hand_Phone_2	5	0	-Inf	Left_Hand_Phone	Real	1	1	9641
chronic_inflammation_go	45	Leisure_social_activities_None_of_the_above_6	5	0	-Inf	Leisure_social_activities_None_of_the_above	Real	1	1	15298
chronic_inflammation_go	45	Leisure_social_activities_None_of_the_above_4	6	0	-Inf	Leisure_social_activities_None_of_the_above	Real	1	1	15298
chronic_inflammation_go	45	Leisure_social_activities_None_of_the_above_2	9	0	-Inf	Leisure_social_activities_None_of_the_above	Real	1	1	15298
chronic_inflammation_go	45	Leisure_social_activities_None_of_the_above_1	12	0	-Inf	Leisure_social_activities_None_of_the_above	Real	1	1	15298
chronic_inflammation_go	45	Leisure_social_activities_None_of_the_above_5	5	0	-Inf	Leisure_social_activities_None_of_the_above	Real	1	1	15298
chronic_inflammation_go	45	Leisure_social_activities_None_of_the_above_3	7	0	-Inf	Leisure_social_activities_None_of_the_above	Real	1	1	15298
chronic_inflammation_go	45	Leisure_social_activities_None_of_the_above_7	5	0	-Inf	Leisure_social_activities_None_of_the_above	Real	1	1	15298
chronic_inflammation_go	45	Leisure_social_activities_Pub_or_social_club_1	5	0	-Inf	Leisure_social_activities_Pub_or_social_club	Real	1	1	4293
chronic_inflammation_go	45	Leisure_social_activities_Religious_group_2	15	0	-Inf	Leisure_social_activities_Religious_group	Real	1	1	38376
chronic_inflammation_go	45	Leisure_social_activities_Religious_group_9	7	0	-Inf	Leisure_social_activities_Religious_group	Real	1	1	38376
chronic_inflammation_go	45	Leisure_social_activities_Religious_group_7	11	0	-Inf	Leisure_social_activities_Religious_group	Real	1	1	38376
chronic_inflammation_go	45	Leisure_social_activities_Religious_group_1	18	0	-Inf	Leisure_social_activities_Religious_group	Real	1	1	38376
chronic_inflammation_go	45	Leisure_social_activities_Religious_group_6	12	0	-Inf	Leisure_social_activities_Religious_group	Real	1	1	38376
chronic_inflammation_go	45	Leisure_social_activities_Religious_group_3	13	0	-Inf	Leisure_social_activities_Religious_group	Real	1	1	38376
chronic_inflammation_go	45	Leisure_social_activities_Religious_group_4	13	0	-Inf	Leisure_social_activities_Religious_group	Real	1	1	38376
chronic_inflammation_go	45	Leisure_social_activities_Religious_group_8	10	0	-Inf	Leisure_social_activities_Religious_group	Real	1	1	38376
chronic_inflammation_go	45	Leisure_social_activities_Religious_group_10	5	0	-Inf	Leisure_social_activities_Religious_group	Real	1	1	38376
chronic_inflammation_go	45	Leisure_social_activities_Religious_group_5	13	0	-Inf	Leisure_social_activities_Religious_group	Real	1	1	38376
chronic_inflammation_go	45	Leisure_social_activities_Sports_club_or_gym_2	7	0	-Inf	Leisure_social_activities_Sports_club_or_gym	Real	1	1	8984
chronic_inflammation_go	45	Leisure_social_activities_Sports_club_or_gym_1	8	0	-Inf	Leisure_social_activities_Sports_club_or_gym	Real	1	1	8984
chronic_inflammation_go	45	Length_of_time_at_current_address_1	10	0	-Inf	Length_of_time_at_current_address	Real	1	1	3061
chronic_inflammation_go	45	Length_of_time_at_current_address_2	5	0	-Inf	Length_of_time_at_current_address	Real	1	1	3061
chronic_inflammation_go	45	Light_smokers,_at_least_100_smokes_in_lifetime_2	6	0	-Inf	Light_smokers,_at_least_100_smokes_in_lifetime	Real	1	1	4373
chronic_inflammation_go	45	Light_smokers,_at_least_100_smokes_in_lifetime_4	5	0	-Inf	Light_smokers,_at_least_100_smokes_in_lifetime	Real	1	1	4373
chronic_inflammation_go	45	Light_smokers,_at_least_100_smokes_in_lifetime_3	5	0	-Inf	Light_smokers,_at_least_100_smokes_in_lifetime	Real	1	1	4373
chronic_inflammation_go	45	Light_smokers,_at_least_100_smokes_in_lifetime_1	7	0	-Inf	Light_smokers,_at_least_100_smokes_in_lifetime	Real	1	1	4373
chronic_inflammation_go	45	Lupus_Erythematosus_Systemic_1	10	4	0.0191088229477047	Lupus_Erythematosus_Systemic	Real	0.0491803278688525	0.0491803278688525	60
chronic_inflammation_go	45	Malignant_mesothelioma_4	20	1	-1.7263183499667	Malignant_mesothelioma	Real	0.0447150463419444	0.142082429501085	40567
chronic_inflammation_go	45	Malignant_mesothelioma_6	14	2	-0.21174517713694	Malignant_mesothelioma	Real	0.00138039834352199	0.00828239006113193	40567
chronic_inflammation_go	45	Malignant_mesothelioma_1	44	1	-2.86382187371663	Malignant_mesothelioma	Real	0.0876552948136462	0.172697692762769	40567
chronic_inflammation_go	45	Malignant_mesothelioma_8	7	4	1.78825482286306	Malignant_mesothelioma	Real	2.46499704200355e-05	0.000197199763360284	40567
chronic_inflammation_go	45	Malignant_mesothelioma_7	12	3	0.595609744920665	Malignant_mesothelioma	Real	4.9299940840071e-05	0.000345099585880497	40567
chronic_inflammation_go	45	Malignant_mesothelioma_2	39	4	-0.689792473941584	Malignant_mesothelioma	Real	0.00502859396568724	0.0251429698284362	40567
chronic_inflammation_go	45	Malignant_mesothelioma_3	34	1	-2.49185309632967	Malignant_mesothelioma	Real	0.0863488463813843	0.172697692762769	40567
chronic_inflammation_go	45	Malignant_mesothelioma_5	18	1	-1.57431525652165	Malignant_mesothelioma	Real	0.0355206073752712	0.142082429501085	40567
chronic_inflammation_go	45	Malignant_neoplasm_of_endometrium_1	14	0	-Inf	Malignant_neoplasm_of_endometrium	Real	1	1	11078
chronic_inflammation_go	45	Malignant_neoplasm_of_endometrium_2	12	0	-Inf	Malignant_neoplasm_of_endometrium	Real	1	1	11078
chronic_inflammation_go	45	Malignant_neoplasm_of_kidney_3	10	0	-Inf	Malignant_neoplasm_of_kidney	Real	1	1	29538
chronic_inflammation_go	45	Malignant_neoplasm_of_kidney_5	9	0	-Inf	Malignant_neoplasm_of_kidney	Real	1	1	29538
chronic_inflammation_go	45	Malignant_neoplasm_of_kidney_8	5	0	-Inf	Malignant_neoplasm_of_kidney	Real	1	1	29538
chronic_inflammation_go	45	Malignant_neoplasm_of_kidney_6	9	0	-Inf	Malignant_neoplasm_of_kidney	Real	1	1	29538
chronic_inflammation_go	45	Malignant_neoplasm_of_kidney_4	9	0	-Inf	Malignant_neoplasm_of_kidney	Real	1	1	29538
chronic_inflammation_go	45	Malignant_neoplasm_of_kidney_7	5	0	-Inf	Malignant_neoplasm_of_kidney	Real	1	1	29538
chronic_inflammation_go	45	Malignant_neoplasm_of_kidney_2	12	1	-2.02153316154964	Malignant_neoplasm_of_kidney	Real	0.0349030095805545	0.279224076644436	29538
chronic_inflammation_go	45	Malignant_neoplasm_of_kidney_1	14	1	-2.24392558288609	Malignant_neoplasm_of_kidney	Real	0.0444158570026067	0.310910999018247	29538
chronic_inflammation_go	45	Malignant_neoplasm_of_lung_6	29	2	0.113690281813933	Malignant_neoplasm_of_lung	Real	0.0014372280919826	0.00862336855189559	51487
chronic_inflammation_go	45	Malignant_neoplasm_of_lung_5	103	5	-0.39290115535435	Malignant_neoplasm_of_lung	Real	0.00506914232442511	0.0253457116221255	51487
chronic_inflammation_go	45	Malignant_neoplasm_of_lung_4	104	5	-0.406840346312224	Malignant_neoplasm_of_lung	Real	0.00526336233685519	0.0253457116221255	51487
chronic_inflammation_go	45	Malignant_neoplasm_of_lung_1	133	10	0.238316936327678	Malignant_neoplasm_of_lung	Real	0.00114589807333748	0.00802128651336234	51487
chronic_inflammation_go	45	Malignant_neoplasm_of_lung_3	108	1	-2.78321622522196	Malignant_neoplasm_of_lung	Real	0.16638828464885	0.3327765692977	51487
chronic_inflammation_go	45	Malignant_neoplasm_of_lung_2	123	2	-1.97084322839773	Malignant_neoplasm_of_lung	Real	0.102159726538223	0.306479179614668	51487
chronic_inflammation_go	45	Malignant_neoplasm_of_lung_7	7	0	-Inf	Malignant_neoplasm_of_lung	Real	1	1	51487
chronic_inflammation_go	45	Malignant_neoplasm_of_ovary_4	32	0	-Inf	Malignant_neoplasm_of_ovary	Real	1	1	44908
chronic_inflammation_go	45	Malignant_neoplasm_of_ovary_3	45	1	-2.67082323737499	Malignant_neoplasm_of_ovary	Real	0.0908949208399207	0.363579683359683	44908
chronic_inflammation_go	45	Malignant_neoplasm_of_ovary_1	70	0	-Inf	Malignant_neoplasm_of_ovary	Real	1	1	44908
chronic_inflammation_go	45	Malignant_neoplasm_of_ovary_2	55	1	-2.96032985456998	Malignant_neoplasm_of_ovary	Real	0.092364559442428	0.363579683359683	44908
chronic_inflammation_go	45	Malignant_neoplasm_of_ovary_5	31	1	-2.13316645143219	Malignant_neoplasm_of_ovary	Real	0.0653321160569151	0.326660580284575	44908
chronic_inflammation_go	45	Malignant_neoplasm_of_pancreas_5	21	0	-Inf	Malignant_neoplasm_of_pancreas	Real	1	1	42327
chronic_inflammation_go	45	Malignant_neoplasm_of_pancreas_7	13	2	0.00246403995148099	Malignant_neoplasm_of_pancreas	Real	0.000567000567000567	0.00396900396900397	42327
chronic_inflammation_go	45	Malignant_neoplasm_of_pancreas_1	52	0	-Inf	Malignant_neoplasm_of_pancreas	Real	1	1	42327
chronic_inflammation_go	45	Malignant_neoplasm_of_pancreas_4	34	2	-1.38455908315777	Malignant_neoplasm_of_pancreas	Real	0.0226091476091476	0.113045738045738	42327
chronic_inflammation_go	45	Malignant_neoplasm_of_pancreas_2	35	2	-1.42637925885239	Malignant_neoplasm_of_pancreas	Real	0.0262237762237762	0.113045738045738	42327
chronic_inflammation_go	45	Malignant_neoplasm_of_pancreas_6	16	1	-1.29709624190743	Malignant_neoplasm_of_pancreas	Real	0.0184983934983935	0.110990360990361	42327
chronic_inflammation_go	45	Malignant_neoplasm_of_pancreas_3	34	0	-Inf	Malignant_neoplasm_of_pancreas	Real	1	1	42327
chronic_inflammation_go	45	Malignant_tumor_of_colon_6	31	1	-1.61315939255181	Malignant_tumor_of_colon	Real	0.0540853119259814	0.216341247703925	44096
chronic_inflammation_go	45	Malignant_tumor_of_colon_3	65	4	-0.681330895193387	Malignant_tumor_of_colon	Real	0.00798240243100438	0.0399120121550219	44096
chronic_inflammation_go	45	Malignant_tumor_of_colon_1	90	8	-0.150816178494608	Malignant_tumor_of_colon	Real	0.00197292332811756	0.0118375399687054	44096
chronic_inflammation_go	45	Malignant_tumor_of_colon_5	41	0	-Inf	Malignant_tumor_of_colon	Real	1	1	44096
chronic_inflammation_go	45	Malignant_tumor_of_colon_4	60	7	0.241501244284153	Malignant_tumor_of_colon	Real	0.000544254711204844	0.00380978297843391	44096
chronic_inflammation_go	45	Malignant_tumor_of_colon_2	85	1	-3.06835401830263	Malignant_tumor_of_colon	Real	0.168446833117899	0.505340499353698	44096
chronic_inflammation_go	45	Malignant_tumor_of_colon_7	5	0	-Inf	Malignant_tumor_of_colon	Real	1	1	44096
chronic_inflammation_go	45	Mesothelioma_2	14	0	-Inf	Mesothelioma	Real	1	1	24660
chronic_inflammation_go	45	Mesothelioma_1	17	1	-2.74642592341527	Mesothelioma	Real	0.0768825270670289	0.307530108268116	24660
chronic_inflammation_go	45	Mesothelioma_4	10	0	-Inf	Mesothelioma	Real	1	1	24660
chronic_inflammation_go	45	Mesothelioma_3	11	0	-Inf	Mesothelioma	Real	1	1	24660
chronic_inflammation_go	45	Multiple_Sclerosis_1	12	4	-0.134301091711591	Multiple_Sclerosis	Real	0.00474284867348451	0.0237142433674226	6746
chronic_inflammation_go	45	Multiple_Sclerosis_5	6	2	-0.134301091711591	Multiple_Sclerosis	Real	0.00474284867348451	0.0237142433674226	6746
chronic_inflammation_go	45	Multiple_Sclerosis_4	8	0	-Inf	Multiple_Sclerosis	Real	1	1	6746
chronic_inflammation_go	45	Multiple_Sclerosis_2	10	3	-0.286304185156641	Multiple_Sclerosis	Real	0.00518749073662368	0.0237142433674226	6746
chronic_inflammation_go	45	Multiple_Sclerosis_6	5	5	1.45066140900957	Multiple_Sclerosis	Real	0.000148214021046391	0.000889284126278346	6746
chronic_inflammation_go	45	Multiple_Sclerosis_3	9	0	-Inf	Multiple_Sclerosis	Real	1	1	6746
chronic_inflammation_go	45	Myocardial_Infarction_1	48	7	-0.350597437718632	Myocardial_Infarction	Real	0.00546243639628854	0.0163873091888656	40091
chronic_inflammation_go	45	Myocardial_Infarction_4	30	2	-1.4798804546636	Myocardial_Infarction	Real	0.0530030928863614	0.106006185772723	40091
chronic_inflammation_go	45	Myocardial_Infarction_2	45	1	-3.06484295538475	Myocardial_Infarction	Real	0.0933353287438891	0.106006185772723	40091
chronic_inflammation_go	45	Myocardial_Infarction_3	30	5	-0.157952359776236	Myocardial_Infarction	Real	0.00311782899331537	0.0124713159732615	40091
chronic_inflammation_go	45	Myocardial_Infarction_6	9	3	0.842047640223764	Myocardial_Infarction	Real	0.000124713159732615	0.00074827895839569	40091
chronic_inflammation_go	45	Myocardial_Infarction_5	13	4	0.726570422803828	Myocardial_Infarction	Real	0.000149655791679138	0.00074827895839569	40091
chronic_inflammation_go	45	Myocardial_Ischemia_3	55	3	-0.940057459543718	Myocardial_Ischemia	Real	0.0130685508472908	0.0522742033891633	50808
chronic_inflammation_go	45	Myocardial_Ischemia_5	35	0	-Inf	Myocardial_Ischemia	Real	1	1	50808
chronic_inflammation_go	45	Myocardial_Ischemia_7	28	3	0.0339473319233375	Myocardial_Ischemia	Real	0.0014170717786219	0.0113365742289752	50808
chronic_inflammation_go	45	Myocardial_Ischemia_2	63	5	-0.399012075352769	Myocardial_Ischemia	Real	0.00397567360113366	0.0198783680056683	50808
chronic_inflammation_go	45	Myocardial_Ischemia_4	47	5	0.0236789964695104	Myocardial_Ischemia	Real	0.0014170717786219	0.0113365742289752	50808
chronic_inflammation_go	45	Myocardial_Ischemia_1	78	2	-2.02906246560246	Myocardial_Ischemia	Real	0.0707354996162097	0.141470999232419	50808
chronic_inflammation_go	45	Myocardial_Ischemia_8	24	1	-1.32862274746137	Myocardial_Ischemia	Real	0.026648822059084	0.0799464661772521	50808
chronic_inflammation_go	45	Myocardial_Ischemia_6	28	3	0.0339473319233375	Myocardial_Ischemia	Real	0.0014170717786219	0.0113365742289752	50808
chronic_inflammation_go	45	Nephroblastoma_2	7	0	-Inf	Nephroblastoma	Real	1	1	9036
chronic_inflammation_go	45	Nephroblastoma_3	6	0	-Inf	Nephroblastoma	Real	1	1	9036
chronic_inflammation_go	45	Nephroblastoma_1	10	0	-Inf	Nephroblastoma	Real	1	1	9036
chronic_inflammation_go	45	Noisy_workplace_1	6	0	-Inf	Noisy_workplace	Real	1	1	2761
chronic_inflammation_go	45	Noisy_workplace_2	6	0	-Inf	Noisy_workplace	Real	1	1	2761
chronic_inflammation_go	45	Nonalcoholic_Fatty_Liver_Disease_3	19	0	-Inf	Nonalcoholic_Fatty_Liver_Disease	Real	1	1	34110
chronic_inflammation_go	45	Nonalcoholic_Fatty_Liver_Disease_5	14	1	-1.57128756382408	Nonalcoholic_Fatty_Liver_Disease	Real	0.0525636891325379	0.157691067397614	34110
chronic_inflammation_go	45	Nonalcoholic_Fatty_Liver_Disease_2	19	2	-1.01186015521006	Nonalcoholic_Fatty_Liver_Disease	Real	0.0273811966814224	0.14713728709214	34110
chronic_inflammation_go	45	Nonalcoholic_Fatty_Liver_Disease_1	21	3	-0.57128756382408	Nonalcoholic_Fatty_Liver_Disease	Real	0.00976224678256281	0.0780979742605025	34110
chronic_inflammation_go	45	Nonalcoholic_Fatty_Liver_Disease_7	9	1	-0.933857643208788	Nonalcoholic_Fatty_Liver_Disease	Real	0.0210489284981384	0.14713728709214	34110
chronic_inflammation_go	45	Nonalcoholic_Fatty_Liver_Disease_4	17	2	-0.851395483016815	Nonalcoholic_Fatty_Liver_Disease	Real	0.0210196124417343	0.14713728709214	34110
chronic_inflammation_go	45	Nonalcoholic_Fatty_Liver_Disease_6	11	1	-1.22336426040377	Nonalcoholic_Fatty_Liver_Disease	Real	0.0339479933159391	0.14713728709214	34110
chronic_inflammation_go	45	Nonalcoholic_Fatty_Liver_Disease_8	5	0	-Inf	Nonalcoholic_Fatty_Liver_Disease	Real	1	1	34110
chronic_inflammation_go	45	Non_oily_fish_intake_3	6	0	-Inf	Non_oily_fish_intake	Real	1	1	3889
chronic_inflammation_go	45	Non_oily_fish_intake_2	7	0	-Inf	Non_oily_fish_intake	Real	1	1	3889
chronic_inflammation_go	45	Non_oily_fish_intake_1	15	0	-Inf	Non_oily_fish_intake	Real	1	1	3889
chronic_inflammation_go	45	NonSmall_Cell_Lung_Carcinoma_6	28	0	-Inf	NonSmall_Cell_Lung_Carcinoma	Real	1	1	46216
chronic_inflammation_go	45	NonSmall_Cell_Lung_Carcinoma_4	30	3	-0.370837695368309	NonSmall_Cell_Lung_Carcinoma	Real	0.00144968301707164	0.0130471471536448	46216
chronic_inflammation_go	45	NonSmall_Cell_Lung_Carcinoma_3	32	0	-Inf	NonSmall_Cell_Lung_Carcinoma	Real	1	1	46216
chronic_inflammation_go	45	NonSmall_Cell_Lung_Carcinoma_5	28	1	-1.85626452253855	NonSmall_Cell_Lung_Carcinoma	Real	0.0377133955038189	0.263993768526733	46216
chronic_inflammation_go	45	NonSmall_Cell_Lung_Carcinoma_8	26	0	-Inf	NonSmall_Cell_Lung_Carcinoma	Real	1	1	46216
chronic_inflammation_go	45	NonSmall_Cell_Lung_Carcinoma_9	5	0	-Inf	NonSmall_Cell_Lung_Carcinoma	Real	1	1	46216
chronic_inflammation_go	45	NonSmall_Cell_Lung_Carcinoma_1	44	1	-2.50834121911824	NonSmall_Cell_Lung_Carcinoma	Real	0.0727870696929701	0.436722418157821	46216
chronic_inflammation_go	45	NonSmall_Cell_Lung_Carcinoma_7	27	2	-0.803797102644415	NonSmall_Cell_Lung_Carcinoma	Real	0.00372157431248242	0.0297725944998594	46216
chronic_inflammation_go	45	NonSmall_Cell_Lung_Carcinoma_2	39	0	-Inf	NonSmall_Cell_Lung_Carcinoma	Real	1	1	46216
chronic_inflammation_go	45	North_UK_7	11	0	-Inf	North_UK	Real	1	1	45034
chronic_inflammation_go	45	North_UK_2	14	0	-Inf	North_UK	Real	1	1	45034
chronic_inflammation_go	45	North_UK_5	12	0	-Inf	North_UK	Real	1	1	45034
chronic_inflammation_go	45	North_UK_1	14	0	-Inf	North_UK	Real	1	1	45034
chronic_inflammation_go	45	North_UK_6	11	0	-Inf	North_UK	Real	1	1	45034
chronic_inflammation_go	45	North_UK_8	9	0	-Inf	North_UK	Real	1	1	45034
chronic_inflammation_go	45	North_UK_10	5	0	-Inf	North_UK	Real	1	1	45034
chronic_inflammation_go	45	North_UK_4	12	0	-Inf	North_UK	Real	1	1	45034
chronic_inflammation_go	45	North_UK_11	5	0	-Inf	North_UK	Real	1	1	45034
chronic_inflammation_go	45	North_UK_9	6	0	-Inf	North_UK	Real	1	1	45034
chronic_inflammation_go	45	North_UK_3	13	0	-Inf	North_UK	Real	1	1	45034
chronic_inflammation_go	45	Number_of_full_sisters_2	6	0	-Inf	Number_of_full_sisters	Real	1	1	6957
chronic_inflammation_go	45	Number_of_full_sisters_1	7	0	-Inf	Number_of_full_sisters	Real	1	1	6957
chronic_inflammation_go	45	Osteoporosis_1	13	0	-Inf	Osteoporosis	Real	1	1	27015
chronic_inflammation_go	45	Osteoporosis_4	9	0	-Inf	Osteoporosis	Real	1	1	27015
chronic_inflammation_go	45	Osteoporosis_2	12	1	-1.98935275580049	Osteoporosis	Real	0.0360527095054782	0.161385845424933	27015
chronic_inflammation_go	45	Osteoporosis_3	11	1	-1.86382187371663	Osteoporosis	Real	0.0322771690849867	0.161385845424933	27015
chronic_inflammation_go	45	Osteoporosis_5	9	0	-Inf	Osteoporosis	Real	1	1	27015
chronic_inflammation_go	45	Osteoporosis_6	6	1	-0.989352755800492	Osteoporosis	Real	0.00566331063073734	0.033979863784424	27015
chronic_inflammation_go	45	Own_or_rent_accommodation_lived_in_Own_outright_by_you_or_someone_in_your_household_1	9	0	-Inf	Own_or_rent_accommodation_lived_in_Own_outright_by_you_or_someone_in_your_household	Real	1	1	13965
chronic_inflammation_go	45	Own_or_rent_accommodation_lived_in_Own_outright_by_you_or_someone_in_your_household_3	8	0	-Inf	Own_or_rent_accommodation_lived_in_Own_outright_by_you_or_someone_in_your_household	Real	1	1	13965
chronic_inflammation_go	45	Own_or_rent_accommodation_lived_in_Own_outright_by_you_or_someone_in_your_household_2	8	0	-Inf	Own_or_rent_accommodation_lived_in_Own_outright_by_you_or_someone_in_your_household	Real	1	1	13965
chronic_inflammation_go	45	Own_or_rent_accommodation_lived_in_Rent_from_local_authority,_local_council,_housing_association_1	8	0	-Inf	Own_or_rent_accommodation_lived_in_Rent_from_local_authority,_local_council,_housing_association	Real	1	1	13329
chronic_inflammation_go	45	Own_or_rent_accommodation_lived_in_Rent_from_local_authority,_local_council,_housing_association_3	5	0	-Inf	Own_or_rent_accommodation_lived_in_Rent_from_local_authority,_local_council,_housing_association	Real	1	1	13329
chronic_inflammation_go	45	Own_or_rent_accommodation_lived_in_Rent_from_local_authority,_local_council,_housing_association_2	5	0	-Inf	Own_or_rent_accommodation_lived_in_Rent_from_local_authority,_local_council,_housing_association	Real	1	1	13329
chronic_inflammation_go	45	Papillary_thyroid_carcinoma_3	5	0	-Inf	Papillary_thyroid_carcinoma	Real	1	1	7339
chronic_inflammation_go	45	Papillary_thyroid_carcinoma_1	9	0	-Inf	Papillary_thyroid_carcinoma	Real	1	1	7339
chronic_inflammation_go	45	Papillary_thyroid_carcinoma_2	6	0	-Inf	Papillary_thyroid_carcinoma	Real	1	1	7339
chronic_inflammation_go	45	PARKINSON_DISEASE_2_AUTOSOMAL_RECESSIVE_JUVENILE_2	7	0	-Inf	PARKINSON_DISEASE_2_AUTOSOMAL_RECESSIVE_JUVENILE	Real	1	1	4675
chronic_inflammation_go	45	PARKINSON_DISEASE_2_AUTOSOMAL_RECESSIVE_JUVENILE_1	9	0	-Inf	PARKINSON_DISEASE_2_AUTOSOMAL_RECESSIVE_JUVENILE	Real	1	1	4675
chronic_inflammation_go	45	PARKINSON_DISEASE_2_AUTOSOMAL_RECESSIVE_JUVENILE_3	5	0	-Inf	PARKINSON_DISEASE_2_AUTOSOMAL_RECESSIVE_JUVENILE	Real	1	1	4675
chronic_inflammation_go	45	Parkinson_Disease_3	13	0	-Inf	Parkinson_Disease	Real	1	1	31197
chronic_inflammation_go	45	Parkinson_Disease_1	22	1	-2.41212590385894	Parkinson_Disease	Real	0.0386883774600936	0.232130264760562	31197
chronic_inflammation_go	45	Parkinson_Disease_4	13	0	-Inf	Parkinson_Disease	Real	1	1	31197
chronic_inflammation_go	45	Parkinson_Disease_5	10	0	-Inf	Parkinson_Disease	Real	1	1	31197
chronic_inflammation_go	45	Parkinson_Disease_6	8	0	-Inf	Parkinson_Disease	Real	1	1	31197
chronic_inflammation_go	45	Parkinson_Disease_2	16	0	-Inf	Parkinson_Disease	Real	1	1	31197
chronic_inflammation_go	45	Parkinson_Disease_7	7	1	-0.760049207279248	Parkinson_Disease	Real	0.00352586704275915	0.0246810692993141	31197
chronic_inflammation_go	45	Past_tobacco_smoking_8	24	0	-Inf	Past_tobacco_smoking	Real	1	1	79440
chronic_inflammation_go	45	Past_tobacco_smoking_11	22	0	-Inf	Past_tobacco_smoking	Real	1	1	79440
chronic_inflammation_go	45	Past_tobacco_smoking_3	30	0	-Inf	Past_tobacco_smoking	Real	1	1	79440
chronic_inflammation_go	45	Past_tobacco_smoking_12	19	0	-Inf	Past_tobacco_smoking	Real	1	1	79440
chronic_inflammation_go	45	Past_tobacco_smoking_1	36	0	-Inf	Past_tobacco_smoking	Real	1	1	79440
chronic_inflammation_go	45	Past_tobacco_smoking_9	23	0	-Inf	Past_tobacco_smoking	Real	1	1	79440
chronic_inflammation_go	45	Past_tobacco_smoking_10	23	0	-Inf	Past_tobacco_smoking	Real	1	1	79440
chronic_inflammation_go	45	Past_tobacco_smoking_4	29	0	-Inf	Past_tobacco_smoking	Real	1	1	79440
chronic_inflammation_go	45	Past_tobacco_smoking_7	24	0	-Inf	Past_tobacco_smoking	Real	1	1	79440
chronic_inflammation_go	45	Past_tobacco_smoking_13	15	0	-Inf	Past_tobacco_smoking	Real	1	1	79440
chronic_inflammation_go	45	Past_tobacco_smoking_5	27	0	-Inf	Past_tobacco_smoking	Real	1	1	79440
chronic_inflammation_go	45	Past_tobacco_smoking_16	6	0	-Inf	Past_tobacco_smoking	Real	1	1	79440
chronic_inflammation_go	45	Past_tobacco_smoking_6	24	0	-Inf	Past_tobacco_smoking	Real	1	1	79440
chronic_inflammation_go	45	Past_tobacco_smoking_15	8	0	-Inf	Past_tobacco_smoking	Real	1	1	79440
chronic_inflammation_go	45	Past_tobacco_smoking_14	15	0	-Inf	Past_tobacco_smoking	Real	1	1	79440
chronic_inflammation_go	45	Past_tobacco_smoking_2	35	0	-Inf	Past_tobacco_smoking	Real	1	1	79440
chronic_inflammation_go	45	Pork_intake_1	7	0	-Inf	Pork_intake	Real	1	1	5796
chronic_inflammation_go	45	Processed_meat_intake_1	12	0	-Inf	Processed_meat_intake	Real	1	1	29656
chronic_inflammation_go	45	Processed_meat_intake_4	9	0	-Inf	Processed_meat_intake	Real	1	1	29656
chronic_inflammation_go	45	Processed_meat_intake_2	11	0	-Inf	Processed_meat_intake	Real	1	1	29656
chronic_inflammation_go	45	Processed_meat_intake_3	10	0	-Inf	Processed_meat_intake	Real	1	1	29656
chronic_inflammation_go	45	Processed_meat_intake_6	6	0	-Inf	Processed_meat_intake	Real	1	1	29656
chronic_inflammation_go	45	Processed_meat_intake_5	6	0	-Inf	Processed_meat_intake	Real	1	1	29656
chronic_inflammation_go	45	Psoriasis_2	9	0	-Inf	Psoriasis	Real	1	1	8336
chronic_inflammation_go	45	Psoriasis_1	10	4	-0.0193653248669311	Psoriasis	Real	0.000239894446443565	0.00047978889288713	8336
chronic_inflammation_go	45	Psoriasis_3	7	4	0.495207847962827	Psoriasis	Real	0.000119947223221782	0.000359841669665347	8336
chronic_inflammation_go	45	Pulmonary_Emphysema_2	7	1	-2.10938345950726	Pulmonary_Emphysema	Real	0.0753880266075388	0.150776053215078	3156
chronic_inflammation_go	45	Pulmonary_Emphysema_1	8	1	-2.30202853744966	Pulmonary_Emphysema	Real	0.0776053215077605	0.150776053215078	3156
chronic_inflammation_go	45	Pulmonary_Emphysema_3	7	2	-1.10938345950726	Pulmonary_Emphysema	Real	0.00253405131453912	0.00760215394361736	3156
chronic_inflammation_go	45	Qualifications_O_levels_GCSEs_or_equivalent_3	8	0	-Inf	Qualifications_O_levels_GCSEs_or_equivalent	Real	1	1	23293
chronic_inflammation_go	45	Qualifications_O_levels_GCSEs_or_equivalent_2	9	0	-Inf	Qualifications_O_levels_GCSEs_or_equivalent	Real	1	1	23293
chronic_inflammation_go	45	Qualifications_O_levels_GCSEs_or_equivalent_1	10	0	-Inf	Qualifications_O_levels_GCSEs_or_equivalent	Real	1	1	23293
chronic_inflammation_go	45	Qualifications_O_levels_GCSEs_or_equivalent_4	7	0	-Inf	Qualifications_O_levels_GCSEs_or_equivalent	Real	1	1	23293
chronic_inflammation_go	45	Qualifications_O_levels_GCSEs_or_equivalent_5	5	0	-Inf	Qualifications_O_levels_GCSEs_or_equivalent	Real	1	1	23293
chronic_inflammation_go	45	Rheumatoid_Arthritis_3	41	4	-0.180520116681511	Rheumatoid_Arthritis	Real	0.00838673015499775	0.0419336507749887	51032
chronic_inflammation_go	45	Rheumatoid_Arthritis_5	27	5	0.744072480660466	Rheumatoid_Arthritis	Real	0.000979758195677307	0.00881782376109576	51032
chronic_inflammation_go	45	Rheumatoid_Arthritis_9	18	2	0.00710688649425987	Rheumatoid_Arthritis	Real	0.00532988458448455	0.0319793075069073	51032
chronic_inflammation_go	45	Rheumatoid_Arthritis_4	38	5	0.251032469380349	Rheumatoid_Arthritis	Real	0.00366429565183313	0.0256500695628319	51032
chronic_inflammation_go	45	Rheumatoid_Arthritis_8	22	0	-Inf	Rheumatoid_Arthritis	Real	1	1	51032
chronic_inflammation_go	45	Rheumatoid_Arthritis_6	25	2	-0.466824301838152	Rheumatoid_Arthritis	Real	0.0144024454764564	0.0576097819058256	51032
chronic_inflammation_go	45	Rheumatoid_Arthritis_2	41	11	1.27891150195579	Rheumatoid_Arthritis	Real	0.000215546803049007	0.00237101483353908	51032
chronic_inflammation_go	45	Rheumatoid_Arthritis_1	55	1	-2.60432782558809	Rheumatoid_Arthritis	Real	0.0939980012932808	0.281994003879842	51032
chronic_inflammation_go	45	Rheumatoid_Arthritis_7	22	0	-Inf	Rheumatoid_Arthritis	Real	1	1	51032
chronic_inflammation_go	45	Rheumatoid_Arthritis_12	5	1	0.85510379304921	Rheumatoid_Arthritis	Real	0.000881782376109576	0.00881782376109576	51032
chronic_inflammation_go	45	Rheumatoid_Arthritis_11	6	1	0.592069387215416	Rheumatoid_Arthritis	Real	0.00156761311308369	0.0125409049046695	51032
chronic_inflammation_go	45	Rheumatoid_Arthritis_10	7	3	1.95463946660012	Rheumatoid_Arthritis	Real	5.87854917406384e-05	0.000705425900887661	51032
chronic_inflammation_go	45	Right_Hand_Phone_1	5	0	-Inf	Right_Hand_Phone	Real	1	1	6350
chronic_inflammation_go	45	Salad_raw_vegetable_intake_5	14	0	-Inf	Salad_raw_vegetable_intake	Real	1	1	45412
chronic_inflammation_go	45	Salad_raw_vegetable_intake_1	28	1	-1.72177919035153	Salad_raw_vegetable_intake	Real	0.0266883931913769	0.266883931913769	45412
chronic_inflammation_go	45	Salad_raw_vegetable_intake_2	26	0	-Inf	Salad_raw_vegetable_intake	Real	1	1	45412
chronic_inflammation_go	45	Salad_raw_vegetable_intake_4	17	0	-Inf	Salad_raw_vegetable_intake	Real	1	1	45412
chronic_inflammation_go	45	Salad_raw_vegetable_intake_10	8	0	-Inf	Salad_raw_vegetable_intake	Real	1	1	45412
chronic_inflammation_go	45	Salad_raw_vegetable_intake_6	13	0	-Inf	Salad_raw_vegetable_intake	Real	1	1	45412
chronic_inflammation_go	45	Salad_raw_vegetable_intake_7	12	0	-Inf	Salad_raw_vegetable_intake	Real	1	1	45412
chronic_inflammation_go	45	Salad_raw_vegetable_intake_3	23	0	-Inf	Salad_raw_vegetable_intake	Real	1	1	45412
chronic_inflammation_go	45	Salad_raw_vegetable_intake_8	11	0	-Inf	Salad_raw_vegetable_intake	Real	1	1	45412
chronic_inflammation_go	45	Salad_raw_vegetable_intake_9	9	0	-Inf	Salad_raw_vegetable_intake	Real	1	1	45412
chronic_inflammation_go	45	Small_cell_carcinoma_of_lung_5	5	0	-Inf	Small_cell_carcinoma_of_lung	Real	1	1	15271
chronic_inflammation_go	45	Small_cell_carcinoma_of_lung_1	8	0	-Inf	Small_cell_carcinoma_of_lung	Real	1	1	15271
chronic_inflammation_go	45	Small_cell_carcinoma_of_lung_4	5	0	-Inf	Small_cell_carcinoma_of_lung	Real	1	1	15271
chronic_inflammation_go	45	Small_cell_carcinoma_of_lung_3	6	0	-Inf	Small_cell_carcinoma_of_lung	Real	1	1	15271
chronic_inflammation_go	45	Small_cell_carcinoma_of_lung_2	6	0	-Inf	Small_cell_carcinoma_of_lung	Real	1	1	15271
chronic_inflammation_go	45	Smoking_status_Never_12	31	0	-Inf	Smoking_status_Never	Real	1	1	89800
chronic_inflammation_go	45	Smoking_status_Never_2	54	0	-Inf	Smoking_status_Never	Real	1	1	89800
chronic_inflammation_go	45	Smoking_status_Never_10	37	0	-Inf	Smoking_status_Never	Real	1	1	89800
chronic_inflammation_go	45	Smoking_status_Never_7	42	0	-Inf	Smoking_status_Never	Real	1	1	89800
chronic_inflammation_go	45	Smoking_status_Never_15	21	0	-Inf	Smoking_status_Never	Real	1	1	89800
chronic_inflammation_go	45	Smoking_status_Never_9	38	0	-Inf	Smoking_status_Never	Real	1	1	89800
chronic_inflammation_go	45	Smoking_status_Never_17	11	0	-Inf	Smoking_status_Never	Real	1	1	89800
chronic_inflammation_go	45	Smoking_status_Never_13	31	0	-Inf	Smoking_status_Never	Real	1	1	89800
chronic_inflammation_go	45	Smoking_status_Never_4	45	0	-Inf	Smoking_status_Never	Real	1	1	89800
chronic_inflammation_go	45	Smoking_status_Never_3	48	0	-Inf	Smoking_status_Never	Real	1	1	89800
chronic_inflammation_go	45	Smoking_status_Never_8	41	1	-0.427340334774946	Smoking_status_Never	Real	0.0443870335519649	0.843353637487333	89800
chronic_inflammation_go	45	Smoking_status_Never_1	72	0	-Inf	Smoking_status_Never	Real	1	1	89800
chronic_inflammation_go	45	Smoking_status_Never_5	45	0	-Inf	Smoking_status_Never	Real	1	1	89800
chronic_inflammation_go	45	Smoking_status_Never_14	27	0	-Inf	Smoking_status_Never	Real	1	1	89800
chronic_inflammation_go	45	Smoking_status_Never_11	36	0	-Inf	Smoking_status_Never	Real	1	1	89800
chronic_inflammation_go	45	Smoking_status_Never_16	17	0	-Inf	Smoking_status_Never	Real	1	1	89800
chronic_inflammation_go	45	Smoking_status_Never_6	43	0	-Inf	Smoking_status_Never	Real	1	1	89800
chronic_inflammation_go	45	Smoking_status_Never_18	8	0	-Inf	Smoking_status_Never	Real	1	1	89800
chronic_inflammation_go	45	Smoking_status_Never_19	5	0	-Inf	Smoking_status_Never	Real	1	1	89800
chronic_inflammation_go	45	Spread_type_Butter_spreadable_butter_1	9	0	-Inf	Spread_type_Butter_spreadable_butter	Real	1	1	15618
chronic_inflammation_go	45	Spread_type_Butter_spreadable_butter_3	6	0	-Inf	Spread_type_Butter_spreadable_butter	Real	1	1	15618
chronic_inflammation_go	45	Spread_type_Butter_spreadable_butter_2	7	0	-Inf	Spread_type_Butter_spreadable_butter	Real	1	1	15618
chronic_inflammation_go	45	Spread_type_Butter_spreadable_butter_5	5	0	-Inf	Spread_type_Butter_spreadable_butter	Real	1	1	15618
chronic_inflammation_go	45	Spread_type_Butter_spreadable_butter_4	6	0	-Inf	Spread_type_Butter_spreadable_butter	Real	1	1	15618
chronic_inflammation_go	45	Squamous_cell_carcinoma_of_lung_1	6	0	-Inf	Squamous_cell_carcinoma_of_lung	Real	1	1	1407
chronic_inflammation_go	45	Tea_intake_3	22	0	-Inf	Tea_intake	Real	1	1	64068
chronic_inflammation_go	45	Tea_intake_7	12	0	-Inf	Tea_intake	Real	1	1	64068
chronic_inflammation_go	45	Tea_intake_10	11	0	-Inf	Tea_intake	Real	1	1	64068
chronic_inflammation_go	45	Tea_intake_5	16	0	-Inf	Tea_intake	Real	1	1	64068
chronic_inflammation_go	45	Tea_intake_11	9	0	-Inf	Tea_intake	Real	1	1	64068
chronic_inflammation_go	45	Tea_intake_2	23	1	-0.633872101202103	Tea_intake	Real	0.0279230204935304	0.362999266415895	64068
chronic_inflammation_go	45	Tea_intake_4	18	0	-Inf	Tea_intake	Real	1	1	64068
chronic_inflammation_go	45	Tea_intake_8	12	0	-Inf	Tea_intake	Real	1	1	64068
chronic_inflammation_go	45	Tea_intake_6	12	0	-Inf	Tea_intake	Real	1	1	64068
chronic_inflammation_go	45	Tea_intake_1	28	0	-Inf	Tea_intake	Real	1	1	64068
chronic_inflammation_go	45	Tea_intake_9	12	0	-Inf	Tea_intake	Real	1	1	64068
chronic_inflammation_go	45	Tea_intake_12	8	0	-Inf	Tea_intake	Real	1	1	64068
chronic_inflammation_go	45	Tea_intake_13	7	0	-Inf	Tea_intake	Real	1	1	64068
chronic_inflammation_go	45	Time_spent_driving_1	5	0	-Inf	Time_spent_driving	Real	1	1	3918
chronic_inflammation_go	45	Time_spent_driving_2	5	0	-Inf	Time_spent_driving	Real	1	1	3918
chronic_inflammation_go	45	Time_spent_using_computer_10	18	0	-Inf	Time_spent_using_computer	Real	1	1	81912
chronic_inflammation_go	45	Time_spent_using_computer_1	49	0	-Inf	Time_spent_using_computer	Real	1	1	81912
chronic_inflammation_go	45	Time_spent_using_computer_2	44	0	-Inf	Time_spent_using_computer	Real	1	1	81912
chronic_inflammation_go	45	Time_spent_using_computer_5	34	0	-Inf	Time_spent_using_computer	Real	1	1	81912
chronic_inflammation_go	45	Time_spent_using_computer_4	35	0	-Inf	Time_spent_using_computer	Real	1	1	81912
chronic_inflammation_go	45	Time_spent_using_computer_7	28	0	-Inf	Time_spent_using_computer	Real	1	1	81912
chronic_inflammation_go	45	Time_spent_using_computer_6	30	0	-Inf	Time_spent_using_computer	Real	1	1	81912
chronic_inflammation_go	45	Time_spent_using_computer_3	41	0	-Inf	Time_spent_using_computer	Real	1	1	81912
chronic_inflammation_go	45	Time_spent_using_computer_12	10	0	-Inf	Time_spent_using_computer	Real	1	1	81912
chronic_inflammation_go	45	Time_spent_using_computer_11	18	0	-Inf	Time_spent_using_computer	Real	1	1	81912
chronic_inflammation_go	45	Time_spent_using_computer_9	26	0	-Inf	Time_spent_using_computer	Real	1	1	81912
chronic_inflammation_go	45	Time_spent_using_computer_8	27	0	-Inf	Time_spent_using_computer	Real	1	1	81912
chronic_inflammation_go	45	Time_spent_using_computer_13	8	0	-Inf	Time_spent_using_computer	Real	1	1	81912
chronic_inflammation_go	45	Time_spent_watching_television_TV_14	30	0	-Inf	Time_spent_watching_television_TV	Real	1	1	96706
chronic_inflammation_go	45	Time_spent_watching_television_TV_19	6	0	-Inf	Time_spent_watching_television_TV	Real	1	1	96706
chronic_inflammation_go	45	Time_spent_watching_television_TV_3	73	0	-Inf	Time_spent_watching_television_TV	Real	1	1	96706
chronic_inflammation_go	45	Time_spent_watching_television_TV_16	28	0	-Inf	Time_spent_watching_television_TV	Real	1	1	96706
chronic_inflammation_go	45	Time_spent_watching_television_TV_2	113	1	-1.4563848927176	Time_spent_watching_television_TV	Real	0.120136081152347	1	96706
chronic_inflammation_go	45	Time_spent_watching_television_TV_8	62	0	-Inf	Time_spent_watching_television_TV	Real	1	1	96706
chronic_inflammation_go	45	Time_spent_watching_television_TV_12	41	0	-Inf	Time_spent_watching_television_TV	Real	1	1	96706
chronic_inflammation_go	45	Time_spent_watching_television_TV_11	45	0	-Inf	Time_spent_watching_television_TV	Real	1	1	96706
chronic_inflammation_go	45	Time_spent_watching_television_TV_15	28	0	-Inf	Time_spent_watching_television_TV	Real	1	1	96706
chronic_inflammation_go	45	Time_spent_watching_television_TV_5	66	0	-Inf	Time_spent_watching_television_TV	Real	1	1	96706
chronic_inflammation_go	45	Time_spent_watching_television_TV_4	72	0	-Inf	Time_spent_watching_television_TV	Real	1	1	96706
chronic_inflammation_go	45	Time_spent_watching_television_TV_1	134	0	-Inf	Time_spent_watching_television_TV	Real	1	1	96706
chronic_inflammation_go	45	Time_spent_watching_television_TV_10	45	0	-Inf	Time_spent_watching_television_TV	Real	1	1	96706
chronic_inflammation_go	45	Time_spent_watching_television_TV_13	40	0	-Inf	Time_spent_watching_television_TV	Real	1	1	96706
chronic_inflammation_go	45	Time_spent_watching_television_TV_7	63	0	-Inf	Time_spent_watching_television_TV	Real	1	1	96706
chronic_inflammation_go	45	Time_spent_watching_television_TV_9	60	0	-Inf	Time_spent_watching_television_TV	Real	1	1	96706
chronic_inflammation_go	45	Time_spent_watching_television_TV_6	64	0	-Inf	Time_spent_watching_television_TV	Real	1	1	96706
chronic_inflammation_go	45	Time_spent_watching_television_TV_18	22	0	-Inf	Time_spent_watching_television_TV	Real	1	1	96706
chronic_inflammation_go	45	Time_spent_watching_television_TV_17	28	0	-Inf	Time_spent_watching_television_TV	Real	1	1	96706
chronic_inflammation_go	45	Types_of_transport_used_excluding_work_Car_motor_vehicle_1	5	0	-Inf	Types_of_transport_used_excluding_work_Car_motor_vehicle	Real	1	1	3296
chronic_inflammation_go	45	Ulcerative_Colitis_2	11	4	0.26788380549519	Ulcerative_Colitis	Real	0.00211432454881824	0.0105716227440912	13242
chronic_inflammation_go	45	Ulcerative_Colitis_1	20	3	-1.00965017003372	Ulcerative_Colitis	Real	0.0626746205542551	0.188023861662765	13242
chronic_inflammation_go	45	Ulcerative_Colitis_6	5	1	-0.594612670754875	Ulcerative_Colitis	Real	0.0246167786755267	0.0984671147021068	13242
chronic_inflammation_go	45	Ulcerative_Colitis_4	7	0	-Inf	Ulcerative_Colitis	Real	1	1	13242
chronic_inflammation_go	45	Ulcerative_Colitis_3	9	4	0.557390422690174	Ulcerative_Colitis	Real	0.00120818545646757	0.00724911273880541	13242
chronic_inflammation_go	45	Ulcerative_Colitis_5	6	0	-Inf	Ulcerative_Colitis	Real	1	1	13242
chronic_inflammation_go	45	Use_of_sun_uv_protection_6	20	0	-Inf	Use_of_sun_uv_protection	Real	1	1	61286
chronic_inflammation_go	45	Use_of_sun_uv_protection_12	8	0	-Inf	Use_of_sun_uv_protection	Real	1	1	61286
chronic_inflammation_go	45	Use_of_sun_uv_protection_2	25	1	-0.973317957347495	Use_of_sun_uv_protection	Real	0.0437939530406122	0.569321389527959	61286
chronic_inflammation_go	45	Use_of_sun_uv_protection_8	14	0	-Inf	Use_of_sun_uv_protection	Real	1	1	61286
chronic_inflammation_go	45	Use_of_sun_uv_protection_3	23	0	-Inf	Use_of_sun_uv_protection	Real	1	1	61286
chronic_inflammation_go	45	Use_of_sun_uv_protection_1	28	0	-Inf	Use_of_sun_uv_protection	Real	1	1	61286
chronic_inflammation_go	45	Use_of_sun_uv_protection_7	16	0	-Inf	Use_of_sun_uv_protection	Real	1	1	61286
chronic_inflammation_go	45	Use_of_sun_uv_protection_9	12	0	-Inf	Use_of_sun_uv_protection	Real	1	1	61286
chronic_inflammation_go	45	Use_of_sun_uv_protection_4	23	0	-Inf	Use_of_sun_uv_protection	Real	1	1	61286
chronic_inflammation_go	45	Use_of_sun_uv_protection_5	22	0	-Inf	Use_of_sun_uv_protection	Real	1	1	61286
chronic_inflammation_go	45	Use_of_sun_uv_protection_11	10	0	-Inf	Use_of_sun_uv_protection	Real	1	1	61286
chronic_inflammation_go	45	Use_of_sun_uv_protection_10	10	0	-Inf	Use_of_sun_uv_protection	Real	1	1	61286
chronic_inflammation_go	45	Use_of_sun_uv_protection_13	5	0	-Inf	Use_of_sun_uv_protection	Real	1	1	61286
chronic_inflammation_go	45	Weekly_usage_of_mobile_phone_in_last_3_months_2	7	0	-Inf	Weekly_usage_of_mobile_phone_in_last_3_months	Real	1	1	3981
chronic_inflammation_go	45	Weekly_usage_of_mobile_phone_in_last_3_months_3	6	0	-Inf	Weekly_usage_of_mobile_phone_in_last_3_months	Real	1	1	3981
chronic_inflammation_go	45	Weekly_usage_of_mobile_phone_in_last_3_months_1	16	0	-Inf	Weekly_usage_of_mobile_phone_in_last_3_months	Real	1	1	3981
